{
  "BM25": {
    "recall@3": 0.5702786377708978,
    "recall@5": 0.6337461300309597,
    "mrr@3": 0.4700722394220846,
    "mrr@5": 0.4843137254901959,
    "avg_query_time": 0.004329331519064889,
    "total_time": 1.398374080657959
  },
  "HuggingFace": {
    "recall@3": 0.7492260061919505,
    "recall@5": 0.7839009287925697,
    "mrr@3": 0.7115583075335397,
    "mrr@5": 0.7199174406604746,
    "avg_query_time": 0.2953025460612294,
    "total_time": 95.3827223777771
  },
  "Hybrid": {
    "recall@3": 0.7089783281733746,
    "recall@5": 0.7368421052631579,
    "mrr@3": 0.6728586171310629,
    "mrr@5": 0.6790505675954592,
    "avg_query_time": 0.36589000025769874,
    "total_time": 118.1824700832367
  }
}